,MAE,RMSE,MAPE
Random Forest,638.7363880605948,910.4314465531859,9.797057413693723
XGBoost,616.1559903617297,881.0779898426284,9.449846806581256
