{
  "Random Forest": {
    "MAE": 638.7363880605948,
    "RMSE": 910.4314465531859,
    "MAPE": 9.797057413693723
  },
  "XGBoost": {
    "MAE": 616.1559903617297,
    "RMSE": 881.0779898426284,
    "MAPE": 9.449846806581256
  }
}