{
  "ARIMA": {
    "MAE": 1876.1572424770566,
    "RMSE": 2243.312519739704,
    "MAPE": 9.379176187095775
  },
  "Prophet": {
    "MAE": 1697.6949813696122,
    "RMSE": 2026.3297602326634,
    "MAPE": 7.710158134578503
  },
  "Random Forest": {
    "MAE": 1179.0870704852202,
    "RMSE": 1487.2053790501752,
    "MAPE": 5.352589019927353
  },
  "XGBoost": {
    "MAE": 1212.1434865552326,
    "RMSE": 1566.5298652067313,
    "MAPE": 5.465194179110386
  }
}