{
  "Weekend promotion interaction": 0.0,
  "Extra assortment breadth": 1.366109013557434,
  "Public/bank holiday": 1.4999879598617554,
  "Store Type B format": 5.27808141708374,
  "Competitor data availability": 5.567265510559082,
  "Quarter": 6.6896772384643555,
  "Store Type D format": 7.551968097686768,
  "Distribution node identity": 9.991883277893066,
  "Store Type C format": 11.168293952941895,
  "Competitor tenure nearby": 11.203063011169434,
  "Time since last holiday": 11.582383155822754,
  "Extended assortment breadth": 12.90437126159668,
  "Recurring promotion enrollment": 15.044206619262695,
  "Weekend timing": 15.651832580566406,
  "School holiday": 16.057008743286133,
  "Promotion during school holiday": 16.964492797851562,
  "Basic assortment breadth": 17.705774307250977,
  "Start-of-month timing": 18.456825256347656,
  "Proximity to upcoming holiday": 19.102067947387695,
  "Active recurring-promotion month": 19.66339874267578,
  "Distance to nearest competitor": 28.87551498413086,
  "Year": 35.09916305541992,
  "Demand 30 days prior": 37.15919876098633,
  "Demand 14 days prior": 60.989418029785156,
  "Store Type A format": 63.77376174926758,
  "End-of-month timing": 64.55642700195312,
  "Promotion timing within week": 72.6551742553711,
  "Demand 7 days prior": 73.84690856933594,
  "7-day demand volatility": 76.0979995727539,
  "Month": 80.08324432373047,
  "30-day demand volatility": 89.45709991455078,
  "Week of year": 196.22373962402344,
  "Recent 7-day demand trend": 289.0754089355469,
  "Day of week": 346.1827087402344,
  "Store's historical average demand": 422.55999755859375,
  "Promotional activity": 991.4788208007812,
  "Recent 30-day demand trend": 1089.05517578125
}